{"count":1,"gauges":{},"self":24.2047648,"total":24.233850399999998,"children":{"AgentSendState":{"count":1198,"self":0.0100305,"total":0.0115347,"children":{"CollectObservations":{"count":120,"self":0.0015042,"total":0.0015042,"children":null},"CollectDiscreteActionMasks":{"count":120,"self":0,"total":0,"children":null}}},"DecideAction":{"count":1198,"self":0.0025076,"total":0.0025076,"children":null},"AgentAct":{"count":1198,"self":0.014040799999999999,"total":0.014040799999999999,"children":null}}}